<?xml version="1.0" encoding="utf-8"?>
<TextureAtlas imagePath="DADDY_DEAREST.png">
	<!-- Created with Adobe Animate version 20.0.0.17400 -->
	<!-- http://www.adobe.com/products/animate.html -->
	<SubTexture name="Dad Sing Note DOWN0000" x="1369" y="0" width="470" height="720" frameX="0" frameY="-5" frameWidth="470" frameHeight="969"/>
	<SubTexture name="Dad Sing Note DOWN0001" x="1369" y="0" width="470" height="720" frameX="0" frameY="-5" frameWidth="470" frameHeight="969"/>
	<SubTexture name="Dad Sing Note DOWN0002" x="1839" y="0" width="462" height="725" frameX="-4" frameY="0" frameWidth="470" frameHeight="969"/>
	<SubTexture name="Dad Sing Note DOWN0003" x="1839" y="0" width="462" height="725" frameX="-4" frameY="0" frameWidth="470" frameHeight="969"/>
	<SubTexture name="Dad Sing Note DOWN0004" x="1839" y="0" width="462" height="725" frameX="-4" frameY="0" frameWidth="470" frameHeight="969"/>
	<SubTexture name="Dad Sing Note DOWN0005" x="1839" y="0" width="462" height="725" frameX="-4" frameY="0" frameWidth="470" frameHeight="969"/>
	<SubTexture name="Dad Sing Note DOWN0006" x="1839" y="0" width="462" height="725" frameX="-4" frameY="0" frameWidth="470" frameHeight="969"/>
	<SubTexture name="Dad Sing Note LEFT0000" x="843" y="793" width="370" height="777"/>
	<SubTexture name="Dad Sing Note RIGHT0000" x="0" y="0" width="465" height="792" frameX="0" frameY="-1" frameWidth="465" frameHeight="793"/>
	<SubTexture name="Dad Sing Note RIGHT0001" x="0" y="0" width="465" height="792" frameX="0" frameY="-1" frameWidth="465" frameHeight="793"/>
	<SubTexture name="Dad Sing Note RIGHT0002" x="465" y="0" width="452" height="793" frameX="0" frameY="0" frameWidth="465" frameHeight="793"/>
	<SubTexture name="Dad Sing Note RIGHT0003" x="465" y="0" width="452" height="793" frameX="0" frameY="0" frameWidth="465" frameHeight="793"/>
	<SubTexture name="Dad Sing Note RIGHT0004" x="917" y="0" width="452" height="793" frameX="0" frameY="0" frameWidth="465" frameHeight="793"/>
	<SubTexture name="Dad Sing Note RIGHT0005" x="917" y="0" width="452" height="793" frameX="0" frameY="0" frameWidth="465" frameHeight="793"/>
	<SubTexture name="Dad Sing Note RIGHT0006" x="465" y="0" width="452" height="793" frameX="0" frameY="0" frameWidth="465" frameHeight="793"/>
	<SubTexture name="Dad Sing Note RIGHT0007" x="465" y="0" width="452" height="793" frameX="0" frameY="0" frameWidth="465" frameHeight="793"/>
	<SubTexture name="Dad Sing Note RIGHT0008" x="917" y="0" width="452" height="793" frameX="0" frameY="0" frameWidth="465" frameHeight="793"/>
	<SubTexture name="Dad Sing Note RIGHT0009" x="917" y="0" width="452" height="793" frameX="0" frameY="0" frameWidth="465" frameHeight="793"/>
	<SubTexture name="Dad Sing Note RIGHT0010" x="465" y="0" width="452" height="793" frameX="0" frameY="0" frameWidth="465" frameHeight="793"/>
	<SubTexture name="Dad Sing Note RIGHT0011" x="465" y="0" width="452" height="793" frameX="0" frameY="0" frameWidth="465" frameHeight="793"/>
	<SubTexture name="Dad Sing Note RIGHT0012" x="917" y="0" width="452" height="793" frameX="0" frameY="0" frameWidth="465" frameHeight="793"/>
	<SubTexture name="Dad Sing Note RIGHT0013" x="917" y="0" width="452" height="793" frameX="0" frameY="0" frameWidth="465" frameHeight="793"/>
	<SubTexture name="Dad Sing Note RIGHT0014" x="465" y="0" width="452" height="793" frameX="0" frameY="0" frameWidth="465" frameHeight="793"/>
	<SubTexture name="Dad Sing Note RIGHT0015" x="465" y="0" width="452" height="793" frameX="0" frameY="0" frameWidth="465" frameHeight="793"/>
	<SubTexture name="Dad Sing Note RIGHT0016" x="917" y="0" width="452" height="793" frameX="0" frameY="0" frameWidth="465" frameHeight="793"/>
	<SubTexture name="Dad Sing Note RIGHT0017" x="917" y="0" width="452" height="793" frameX="0" frameY="0" frameWidth="465" frameHeight="793"/>
	<SubTexture name="Dad Sing Note RIGHT0018" x="465" y="0" width="452" height="793" frameX="0" frameY="0" frameWidth="465" frameHeight="793"/>
	<SubTexture name="Dad Sing Note UP0000" x="2301" y="0" width="408" height="818" frameX="-1" frameY="0" frameWidth="409" frameHeight="818"/>
	<SubTexture name="Dad Sing Note UP0001" x="2301" y="0" width="408" height="818" frameX="-1" frameY="0" frameWidth="409" frameHeight="818"/>
	<SubTexture name="Dad Sing Note UP0002" x="2709" y="0" width="408" height="810" frameX="0" frameY="-8" frameWidth="409" frameHeight="818"/>
	<SubTexture name="Dad Sing Note UP0003" x="2709" y="0" width="408" height="810" frameX="0" frameY="-8" frameWidth="409" frameHeight="818"/>
	<SubTexture name="Dad Sing Note UP0004" x="3117" y="0" width="408" height="810" frameX="0" frameY="-8" frameWidth="409" frameHeight="818"/>
	<SubTexture name="Dad idle dance0000" x="1369" y="730" width="419" height="767" frameX="-6" frameY="0" frameWidth="429" frameHeight="767"/>
	<SubTexture name="Dad idle dance0001" x="1369" y="730" width="419" height="767" frameX="-6" frameY="0" frameWidth="429" frameHeight="767"/>
	<SubTexture name="Dad idle dance0002" x="3525" y="0" width="429" height="759" frameX="0" frameY="-8" frameWidth="429" frameHeight="767"/>
	<SubTexture name="Dad idle dance0003" x="3525" y="0" width="429" height="759" frameX="0" frameY="-8" frameWidth="429" frameHeight="767"/>
	<SubTexture name="Dad idle dance0004" x="0" y="792" width="424" height="757" frameX="-2" frameY="-10" frameWidth="429" frameHeight="767"/>
	<SubTexture name="Dad idle dance0005" x="0" y="792" width="424" height="757" frameX="-2" frameY="-10" frameWidth="429" frameHeight="767"/>
	<SubTexture name="Dad idle dance0006" x="3525" y="759" width="423" height="759" frameX="-3" frameY="-8" frameWidth="429" frameHeight="767"/>
	<SubTexture name="Dad idle dance0007" x="3525" y="759" width="423" height="759" frameX="-3" frameY="-8" frameWidth="429" frameHeight="767"/>
	<SubTexture name="Dad idle dance0008" x="424" y="793" width="419" height="766" frameX="-5" frameY="-1" frameWidth="429" frameHeight="767"/>
	<SubTexture name="Dad idle dance0009" x="424" y="793" width="419" height="766" frameX="-5" frameY="-1" frameWidth="429" frameHeight="767"/>
	<SubTexture name="Dad idle dance0010" x="1788" y="735" width="419" height="767" frameX="-6" frameY="0" frameWidth="429" frameHeight="767"/>
	<SubTexture name="Dad idle dance0011" x="1788" y="735" width="419" height="767" frameX="-6" frameY="0" frameWidth="429" frameHeight="767"/>
	<SubTexture name="Dad idle dance0012" x="1369" y="730" width="419" height="767" frameX="-6" frameY="0" frameWidth="429" frameHeight="767"/>
</TextureAtlas>
